EmployeeID,FirstName,Gender,Department,JobRole,Location,HireDate,TerminationDate,Salary,PerformanceRating,Overtime,JobSatisfaction
1001,Employee_1,Female,Marketing,Marketing Manager,New York,2017-09-30,2019-05-22,138696,5,Yes,5
1002,Employee_2,Male,Finance,Financial Analyst,New York,2017-06-14,2018-03-29,123563,2,No,2
1003,Employee_3,Male,Finance,Accountant,New York,2022-10-30,,86421,2,Yes,3
1004,Employee_4,Male,Sales,Sales Executive,Toronto,2019-01-10,,129131,3,Yes,4
1005,Employee_5,Male,Operations,Operations Lead,Toronto,2021-03-11,,125674,2,Yes,1
1006,Employee_6,Male,Marketing,Marketing Manager,Berlin,2024-08-04,,99823,3,No,3
1007,Employee_7,Male,IT,Data Analyst,Berlin,2022-07-08,2023-10-23,129840,2,Yes,2
1008,Employee_8,Male,Finance,Accountant,Berlin,2022-09-05,2023-10-19,80021,1,No,4
1009,Employee_9,Female,HR,HR Manager,London,2017-05-20,,101856,4,Yes,3
1010,Employee_10,Female,IT,Software Engineer,Sydney,2023-05-18,,167679,5,No,3
1011,Employee_11,Female,IT,Software Engineer,Sydney,2016-01-08,,162866,1,Yes,2
1012,Employee_12,Male,Marketing,Content Strategist,Sydney,2019-04-26,,111348,5,No,5
1013,Employee_13,Female,Sales,Sales Rep,New York,2023-08-15,,64621,3,No,2
1014,Employee_14,Male,Finance,Financial Analyst,Berlin,2020-09-10,,164100,3,Yes,2
1015,Employee_15,Male,HR,HR Manager,Sydney,2021-09-19,2022-06-05,64662,3,No,2
1016,Employee_16,Male,Sales,Sales Executive,Sydney,2015-12-17,,156957,1,Yes,2
1017,Employee_17,Male,Marketing,Content Strategist,Sydney,2017-12-21,,129507,4,Yes,5
1018,Employee_18,Female,Marketing,Marketing Manager,Berlin,2022-07-14,,107422,5,No,1
1019,Employee_19,Female,IT,Software Engineer,New York,2015-03-28,,80161,5,Yes,1
1020,Employee_20,Male,Sales,Sales Rep,New York,2015-10-04,,162674,3,Yes,5
1021,Employee_21,Male,IT,Data Analyst,Toronto,2021-01-17,,81850,4,No,2
1022,Employee_22,Female,Sales,Sales Executive,Toronto,2019-10-01,,163224,1,Yes,1
1023,Employee_23,Male,Finance,Accountant,New York,2017-02-23,2022-09-02,68373,4,Yes,3
1024,Employee_24,Female,Finance,Financial Analyst,New York,2024-01-23,,122132,1,Yes,5
1025,Employee_25,Male,Sales,Sales Executive,London,2019-07-23,,78016,4,Yes,2
1026,Employee_26,Female,Finance,Financial Analyst,Toronto,2023-10-17,,87388,4,No,2
1027,Employee_27,Male,IT,Data Analyst,London,2021-06-30,,57989,3,Yes,1
1028,Employee_28,Male,Operations,Logistics Coordinator,Sydney,2015-08-21,,60500,2,Yes,5
1029,Employee_29,Female,Sales,Sales Rep,London,2016-05-06,,124668,2,Yes,5
1030,Employee_30,Female,Sales,Account Manager,Sydney,2017-12-04,2021-12-09,81285,3,No,2
1031,Employee_31,Female,Marketing,Content Strategist,Toronto,2023-06-07,,51220,4,Yes,1
1032,Employee_32,Female,Operations,Operations Lead,Sydney,2016-06-26,,165456,1,Yes,3
1033,Employee_33,Female,HR,HR Manager,Toronto,2021-11-10,,155788,5,Yes,5
1034,Employee_34,Female,HR,HR Manager,London,2016-04-17,,147310,5,Yes,3
1035,Employee_35,Male,HR,HR Manager,Berlin,2022-09-16,,84600,5,No,3
1036,Employee_36,Female,Sales,Sales Executive,Toronto,2015-06-30,2017-06-14,133507,3,Yes,4
1037,Employee_37,Male,Operations,Logistics Coordinator,Sydney,2016-04-03,2018-06-02,121511,1,No,5
1038,Employee_38,Male,Operations,Operations Lead,Toronto,2015-06-21,2016-05-29,167823,3,Yes,2
1039,Employee_39,Female,Marketing,Marketing Manager,Berlin,2021-12-17,,171341,2,Yes,2
1040,Employee_40,Female,Finance,Financial Analyst,London,2023-10-10,,155150,2,No,2
1041,Employee_41,Male,Marketing,Marketing Manager,Toronto,2024-08-17,,76158,4,No,3
1042,Employee_42,Male,IT,Software Engineer,New York,2019-06-21,2020-09-27,176732,3,No,5
1043,Employee_43,Male,Finance,Accountant,New York,2024-11-01,,73405,5,No,1
1044,Employee_44,Female,Sales,Sales Rep,Toronto,2023-03-04,,107199,5,Yes,4
1045,Employee_45,Male,Operations,Operations Lead,Berlin,2022-12-13,,118146,5,Yes,3
1046,Employee_46,Female,Finance,Financial Analyst,Berlin,2022-06-10,,144339,3,No,4
1047,Employee_47,Male,HR,HR Executive,Berlin,2017-02-24,,173255,4,Yes,5
1048,Employee_48,Male,Operations,Logistics Coordinator,Toronto,2018-05-29,2023-09-20,152990,5,No,4
1049,Employee_49,Female,Finance,Accountant,London,2023-11-26,,154336,2,Yes,3
1050,Employee_50,Male,Operations,Logistics Coordinator,New York,2022-07-18,,69313,1,Yes,2
1051,Employee_51,Female,Finance,Financial Analyst,Toronto,2024-12-08,,75485,4,No,4
1052,Employee_52,Male,IT,Software Engineer,New York,2023-09-24,,73053,5,No,1
1053,Employee_53,Female,Operations,Operations Lead,New York,2016-06-30,,137500,5,No,4
1054,Employee_54,Female,Operations,Logistics Coordinator,Sydney,2016-10-13,,112216,4,No,2
1055,Employee_55,Female,Marketing,Content Strategist,Sydney,2022-01-11,,60155,3,Yes,3
1056,Employee_56,Male,HR,HR Executive,Sydney,2016-07-20,2021-05-03,140957,2,Yes,1
1057,Employee_57,Female,Finance,Accountant,Berlin,2019-08-31,2024-11-12,101049,5,Yes,5
1058,Employee_58,Female,Finance,Accountant,New York,2018-05-08,,161863,4,Yes,4
1059,Employee_59,Female,IT,Data Analyst,Toronto,2015-04-29,,137670,4,Yes,4
1060,Employee_60,Male,IT,System Admin,Sydney,2019-06-02,,136900,1,Yes,4
1061,Employee_61,Male,IT,Data Analyst,London,2017-12-01,,77742,4,No,3
1062,Employee_62,Female,Finance,Accountant,Toronto,2024-05-12,,148176,5,Yes,3
1063,Employee_63,Male,IT,System Admin,New York,2023-06-17,,76130,1,Yes,2
1064,Employee_64,Male,IT,Data Analyst,New York,2020-03-19,,150518,3,Yes,5
1065,Employee_65,Female,Operations,Operations Lead,London,2016-03-18,,171751,3,No,4
1066,Employee_66,Male,Marketing,Marketing Manager,New York,2016-02-22,,89529,5,Yes,5
1067,Employee_67,Female,Sales,Account Manager,Sydney,2022-06-02,,116317,3,Yes,4
1068,Employee_68,Female,Finance,Financial Analyst,Toronto,2022-02-16,,110258,2,No,2
1069,Employee_69,Female,Marketing,Content Strategist,Sydney,2020-03-19,,145817,5,No,3
1070,Employee_70,Female,IT,Software Engineer,Berlin,2017-09-25,,124691,5,No,3
1071,Employee_71,Male,Sales,Account Manager,Berlin,2020-06-20,2023-11-10,94608,3,No,5
1072,Employee_72,Male,Sales,Sales Rep,London,2017-09-15,,114038,5,Yes,4
1073,Employee_73,Male,Marketing,Content Strategist,Toronto,2016-01-17,2021-01-26,140673,2,No,5
1074,Employee_74,Female,HR,HR Executive,Sydney,2019-10-09,,122140,3,No,4
1075,Employee_75,Male,HR,HR Executive,Berlin,2016-05-09,,91359,1,Yes,2
1076,Employee_76,Female,IT,System Admin,Toronto,2023-02-15,,149641,5,No,1
1077,Employee_77,Female,IT,Data Analyst,London,2017-01-04,2023-06-29,66591,3,Yes,1
1078,Employee_78,Female,Operations,Logistics Coordinator,London,2016-02-25,,125243,3,No,4
1079,Employee_79,Male,Finance,Accountant,London,2017-10-31,,112616,1,Yes,4
1080,Employee_80,Male,Finance,Financial Analyst,Sydney,2016-09-13,2023-07-04,174403,3,Yes,2
1081,Employee_81,Male,Sales,Sales Rep,Toronto,2023-09-13,,109049,4,No,5
1082,Employee_82,Male,Finance,Accountant,Sydney,2021-11-02,,63006,2,Yes,3
1083,Employee_83,Male,Marketing,Marketing Manager,London,2016-12-12,,70517,1,No,4
1084,Employee_84,Male,Marketing,Content Strategist,Berlin,2017-08-06,2021-04-05,142141,4,Yes,2
1085,Employee_85,Male,HR,HR Manager,Toronto,2021-02-08,2023-04-09,169067,3,Yes,1
1086,Employee_86,Female,Sales,Sales Executive,Berlin,2019-12-04,2023-10-29,141715,4,No,5
1087,Employee_87,Male,Operations,Logistics Coordinator,Toronto,2021-09-15,,146276,3,No,1
1088,Employee_88,Male,Sales,Sales Executive,Sydney,2023-07-30,,85325,5,Yes,2
1089,Employee_89,Male,Finance,Accountant,Berlin,2021-07-25,,156724,4,Yes,4
1090,Employee_90,Female,HR,HR Executive,Berlin,2022-07-07,2024-10-22,93228,4,No,3
1091,Employee_91,Male,Marketing,Content Strategist,Sydney,2020-02-06,2023-06-03,92372,1,No,5
1092,Employee_92,Female,Sales,Sales Rep,Sydney,2019-08-20,,97419,5,No,4
1093,Employee_93,Male,Sales,Sales Executive,Berlin,2018-03-25,,141521,4,Yes,1
1094,Employee_94,Female,Marketing,Marketing Manager,London,2021-03-06,,62217,2,Yes,4
1095,Employee_95,Female,Sales,Sales Rep,London,2023-01-14,,104459,4,No,2
1096,Employee_96,Male,Finance,Financial Analyst,Toronto,2021-09-21,,165255,2,Yes,3
1097,Employee_97,Female,Finance,Accountant,Sydney,2024-03-14,,159769,5,No,2
1098,Employee_98,Female,Finance,Accountant,Berlin,2021-03-10,,99441,4,No,2
1099,Employee_99,Female,Marketing,Marketing Manager,Sydney,2017-08-14,,103841,1,No,4
1100,Employee_100,Male,Marketing,Content Strategist,Toronto,2020-07-21,,66547,5,No,1
1101,Employee_101,Female,Finance,Financial Analyst,Sydney,2015-03-04,,103736,2,Yes,4
1102,Employee_102,Female,HR,HR Executive,Sydney,2022-04-15,,161718,5,No,3
1103,Employee_103,Male,Marketing,Content Strategist,Sydney,2021-12-04,,79817,1,No,1
1104,Employee_104,Male,Marketing,Marketing Manager,Toronto,2022-10-13,2023-08-07,56028,3,Yes,3
1105,Employee_105,Male,HR,HR Executive,Toronto,2017-09-27,,124177,2,Yes,2
1106,Employee_106,Male,Sales,Sales Rep,Toronto,2020-07-31,,68758,2,No,3
1107,Employee_107,Female,Finance,Accountant,New York,2018-03-24,,70706,1,No,3
1108,Employee_108,Female,Operations,Logistics Coordinator,Toronto,2020-02-15,,76111,4,No,1
1109,Employee_109,Female,IT,Data Analyst,Sydney,2021-06-12,,52875,4,No,1
1110,Employee_110,Female,Operations,Operations Lead,Sydney,2024-05-04,,87512,2,No,2
1111,Employee_111,Female,Marketing,Marketing Manager,Sydney,2022-08-08,,150593,2,Yes,1
1112,Employee_112,Female,HR,HR Executive,New York,2023-03-19,,92823,4,Yes,2
1113,Employee_113,Female,IT,System Admin,Berlin,2024-04-24,,176796,3,No,1
1114,Employee_114,Male,Finance,Financial Analyst,London,2024-08-24,,138395,4,No,1
1115,Employee_115,Male,Finance,Financial Analyst,Berlin,2020-02-06,,148174,3,No,3
1116,Employee_116,Female,Sales,Sales Rep,London,2015-04-13,,173623,5,No,5
1117,Employee_117,Female,IT,System Admin,New York,2022-11-11,,65292,2,Yes,1
1118,Employee_118,Male,HR,HR Executive,New York,2017-08-19,,67781,4,No,3
1119,Employee_119,Male,Marketing,Content Strategist,Sydney,2024-12-05,,62978,4,No,3
1120,Employee_120,Male,Sales,Sales Rep,Berlin,2019-12-22,,80947,3,Yes,3
1121,Employee_121,Female,Operations,Logistics Coordinator,New York,2018-02-04,2019-12-16,174388,4,Yes,2
1122,Employee_122,Female,Marketing,Marketing Manager,New York,2017-09-24,,153150,5,Yes,1
1123,Employee_123,Male,Operations,Operations Lead,Sydney,2024-02-13,,93064,2,Yes,3
1124,Employee_124,Female,IT,Software Engineer,Sydney,2023-12-15,2024-09-25,67275,1,No,2
1125,Employee_125,Male,Operations,Logistics Coordinator,New York,2017-12-22,2023-03-10,118955,1,Yes,4
1126,Employee_126,Male,Finance,Accountant,Sydney,2020-01-26,,173917,5,Yes,5
1127,Employee_127,Male,HR,HR Executive,New York,2020-05-15,,105872,1,No,4
1128,Employee_128,Male,Sales,Sales Executive,Berlin,2015-09-27,2022-05-19,143343,3,No,5
1129,Employee_129,Female,Operations,Logistics Coordinator,Toronto,2016-02-11,,64996,5,Yes,4
1130,Employee_130,Female,Finance,Financial Analyst,Toronto,2024-04-12,,104524,1,No,4
1131,Employee_131,Male,HR,HR Executive,Berlin,2022-09-14,,58799,1,Yes,1
1132,Employee_132,Male,Finance,Financial Analyst,Berlin,2021-03-28,,123620,3,Yes,4
1133,Employee_133,Female,HR,HR Executive,New York,2021-09-25,2023-05-22,125748,5,Yes,2
1134,Employee_134,Male,Marketing,Content Strategist,London,2018-12-05,,98176,1,No,5
1135,Employee_135,Male,IT,Data Analyst,Sydney,2021-10-30,,158719,3,Yes,2
1136,Employee_136,Female,HR,HR Executive,Berlin,2015-01-26,2017-03-02,124228,4,Yes,2
1137,Employee_137,Male,Marketing,Marketing Manager,New York,2019-03-21,,94681,2,No,3
1138,Employee_138,Male,Marketing,Content Strategist,Sydney,2024-11-27,,148885,5,Yes,1
1139,Employee_139,Female,HR,HR Executive,Toronto,2021-10-22,,85804,2,Yes,3
1140,Employee_140,Female,Finance,Financial Analyst,Berlin,2020-11-28,,55952,2,No,5
1141,Employee_141,Female,Sales,Sales Executive,London,2017-05-15,,150160,3,No,3
1142,Employee_142,Female,Sales,Sales Executive,Toronto,2016-12-20,2023-06-08,142231,2,No,1
1143,Employee_143,Male,Finance,Financial Analyst,Toronto,2020-02-27,,162998,3,No,5
1144,Employee_144,Male,Finance,Accountant,Berlin,2019-07-18,2023-09-05,72527,5,No,3
1145,Employee_145,Male,Sales,Account Manager,New York,2019-11-20,,118676,1,No,3
1146,Employee_146,Female,Marketing,Content Strategist,London,2023-09-27,,132998,1,Yes,3
1147,Employee_147,Male,HR,HR Manager,London,2016-08-22,2019-01-29,128957,2,Yes,2
1148,Employee_148,Female,Marketing,Content Strategist,Toronto,2022-08-21,,123989,5,No,3
1149,Employee_149,Female,IT,Data Analyst,New York,2019-12-17,,154376,3,Yes,3
1150,Employee_150,Female,Operations,Operations Lead,Berlin,2020-01-26,2024-09-11,159012,3,Yes,1
1151,Employee_151,Male,Operations,Logistics Coordinator,Toronto,2020-01-17,,124928,2,No,5
1152,Employee_152,Female,Finance,Financial Analyst,New York,2016-02-28,,159756,3,Yes,5
1153,Employee_153,Male,Marketing,Marketing Manager,New York,2022-12-08,,107595,5,Yes,3
1154,Employee_154,Female,HR,HR Executive,Toronto,2023-09-08,2024-10-06,153445,3,Yes,3
1155,Employee_155,Female,Sales,Sales Rep,Toronto,2017-10-29,,136057,5,Yes,3
1156,Employee_156,Female,Sales,Sales Rep,London,2018-06-24,,141551,4,Yes,5
1157,Employee_157,Female,Marketing,Marketing Manager,Berlin,2022-03-20,,156585,2,Yes,4
1158,Employee_158,Female,Operations,Logistics Coordinator,New York,2018-06-19,2021-05-11,94791,4,Yes,2
1159,Employee_159,Female,IT,Software Engineer,New York,2024-06-20,,116543,5,Yes,3
1160,Employee_160,Female,Operations,Operations Lead,Sydney,2016-09-23,2019-01-29,144526,4,Yes,4
1161,Employee_161,Female,HR,HR Manager,Toronto,2023-06-09,,108841,2,Yes,3
1162,Employee_162,Female,Finance,Financial Analyst,Berlin,2020-03-06,,151990,4,No,2
1163,Employee_163,Female,IT,System Admin,London,2015-08-02,,164572,3,Yes,5
1164,Employee_164,Male,Sales,Account Manager,New York,2018-01-22,,117286,2,No,1
1165,Employee_165,Male,IT,Data Analyst,Berlin,2019-08-27,,99015,2,No,1
1166,Employee_166,Female,HR,HR Manager,New York,2016-02-10,,135191,3,Yes,2
1167,Employee_167,Male,Sales,Account Manager,Toronto,2023-07-06,,108799,5,Yes,1
1168,Employee_168,Male,Sales,Account Manager,London,2021-02-25,,129807,5,No,1
1169,Employee_169,Male,HR,HR Manager,Berlin,2015-07-15,2021-02-25,58232,1,No,5
1170,Employee_170,Male,Operations,Operations Lead,Sydney,2023-01-22,,50205,5,No,2
1171,Employee_171,Male,Operations,Logistics Coordinator,London,2020-11-14,,58870,5,Yes,4
1172,Employee_172,Female,Finance,Financial Analyst,Toronto,2017-11-04,,96805,1,No,2
1173,Employee_173,Female,Marketing,Marketing Manager,Sydney,2016-06-30,2023-02-10,94374,2,No,4
1174,Employee_174,Male,Marketing,Marketing Manager,London,2023-01-11,,109988,1,No,2
1175,Employee_175,Female,Sales,Sales Executive,New York,2018-06-24,,179646,5,No,3
1176,Employee_176,Female,Sales,Sales Rep,London,2019-01-02,,56265,3,No,1
1177,Employee_177,Female,HR,HR Executive,Toronto,2019-05-03,2021-12-03,115038,4,No,5
1178,Employee_178,Male,HR,HR Manager,Toronto,2019-10-30,,157785,2,No,3
1179,Employee_179,Female,Sales,Sales Executive,Berlin,2018-06-09,,144065,4,Yes,4
1180,Employee_180,Female,HR,HR Executive,New York,2021-11-23,,85986,1,Yes,4
1181,Employee_181,Male,HR,HR Manager,New York,2024-07-08,,152408,4,Yes,2
1182,Employee_182,Female,Sales,Sales Executive,Berlin,2019-04-18,,54244,5,Yes,4
1183,Employee_183,Male,HR,HR Executive,Toronto,2021-06-08,,102171,3,No,2
1184,Employee_184,Female,Sales,Sales Executive,London,2020-10-21,,123619,1,No,3
1185,Employee_185,Female,Marketing,Content Strategist,London,2022-10-13,,114382,2,Yes,2
1186,Employee_186,Female,Sales,Account Manager,London,2015-12-26,,176820,3,No,1
1187,Employee_187,Male,Operations,Logistics Coordinator,Berlin,2022-12-25,,141779,2,No,5
1188,Employee_188,Male,IT,Software Engineer,London,2017-08-27,,53445,3,No,4
1189,Employee_189,Male,Operations,Operations Lead,Sydney,2015-09-27,2021-08-06,118903,4,No,5
1190,Employee_190,Male,Sales,Sales Executive,Berlin,2020-01-18,,117811,3,Yes,5
1191,Employee_191,Female,Marketing,Marketing Manager,London,2020-08-21,,57263,1,Yes,3
1192,Employee_192,Male,IT,Software Engineer,Berlin,2018-11-18,,118012,3,Yes,3
1193,Employee_193,Female,IT,System Admin,Sydney,2016-05-27,,130534,5,Yes,5
1194,Employee_194,Male,Marketing,Marketing Manager,Sydney,2016-12-02,,144454,5,No,5
1195,Employee_195,Male,Sales,Sales Executive,New York,2022-03-12,,84688,2,No,5
1196,Employee_196,Female,Marketing,Marketing Manager,Toronto,2022-03-14,,113300,2,No,3
1197,Employee_197,Male,Finance,Financial Analyst,New York,2019-12-06,,110875,2,No,5
1198,Employee_198,Female,IT,Data Analyst,Berlin,2019-06-22,2024-02-13,117499,5,Yes,3
1199,Employee_199,Female,IT,Data Analyst,New York,2020-01-16,2021-08-14,56632,3,No,5
1200,Employee_200,Female,Finance,Financial Analyst,London,2021-06-24,,74881,2,No,5
1201,Employee_201,Female,Finance,Accountant,Berlin,2015-04-05,2020-02-28,116249,4,Yes,2
1202,Employee_202,Male,Operations,Logistics Coordinator,New York,2018-02-26,,165649,4,No,5
1203,Employee_203,Male,Sales,Sales Executive,Toronto,2024-11-23,,150120,4,No,1
1204,Employee_204,Male,Finance,Financial Analyst,Sydney,2019-01-24,,59637,4,No,5
1205,Employee_205,Male,HR,HR Manager,London,2019-06-02,,179340,3,No,2
1206,Employee_206,Female,IT,System Admin,Sydney,2020-08-10,2021-07-15,67961,3,No,5
1207,Employee_207,Male,Finance,Financial Analyst,Sydney,2018-09-05,,91750,2,No,5
1208,Employee_208,Female,Marketing,Content Strategist,Sydney,2020-09-08,,119774,4,No,4
1209,Employee_209,Male,Sales,Account Manager,Berlin,2019-09-03,,154432,1,No,3
1210,Employee_210,Female,Marketing,Marketing Manager,New York,2016-11-29,,144526,5,No,2
1211,Employee_211,Male,Marketing,Marketing Manager,New York,2017-02-20,2021-02-23,104890,2,No,2
1212,Employee_212,Male,Finance,Accountant,New York,2020-10-25,2024-12-14,136799,4,No,3
1213,Employee_213,Female,IT,Data Analyst,Sydney,2021-02-15,,151186,3,No,2
1214,Employee_214,Female,IT,Data Analyst,Sydney,2017-07-10,,178746,3,No,2
1215,Employee_215,Female,Marketing,Content Strategist,Berlin,2018-11-29,,172484,3,No,1
1216,Employee_216,Female,Operations,Logistics Coordinator,Toronto,2023-09-02,,88070,1,No,1
1217,Employee_217,Female,HR,HR Executive,Berlin,2017-05-26,2023-12-07,85537,5,No,2
1218,Employee_218,Male,Sales,Sales Rep,Sydney,2017-09-20,2024-03-02,79579,2,Yes,1
1219,Employee_219,Male,Finance,Accountant,Toronto,2022-08-22,,50679,5,Yes,4
1220,Employee_220,Male,Marketing,Content Strategist,Toronto,2023-06-24,,92096,3,Yes,1
1221,Employee_221,Male,Marketing,Marketing Manager,Sydney,2016-12-18,,159786,2,Yes,4
1222,Employee_222,Male,Finance,Financial Analyst,Berlin,2015-02-07,2016-10-18,171694,3,No,4
1223,Employee_223,Female,Marketing,Content Strategist,London,2018-01-22,2019-10-25,93343,2,No,3
1224,Employee_224,Female,Marketing,Marketing Manager,New York,2023-11-13,,73002,5,No,4
1225,Employee_225,Female,Operations,Logistics Coordinator,New York,2022-07-04,2024-07-28,112580,3,Yes,1
1226,Employee_226,Female,HR,HR Executive,London,2023-06-15,,89576,5,Yes,3
1227,Employee_227,Male,Marketing,Content Strategist,London,2022-06-28,,70934,4,No,1
1228,Employee_228,Male,Marketing,Content Strategist,Berlin,2017-06-16,,112676,2,No,5
1229,Employee_229,Female,HR,HR Executive,Sydney,2023-06-30,,137044,2,Yes,5
1230,Employee_230,Female,Sales,Sales Rep,Toronto,2015-11-16,,64707,1,Yes,5
1231,Employee_231,Female,Operations,Operations Lead,London,2024-07-31,,65235,2,No,1
1232,Employee_232,Female,Operations,Logistics Coordinator,New York,2016-06-24,,109873,5,Yes,5
1233,Employee_233,Female,Finance,Accountant,New York,2017-11-08,,147754,2,Yes,1
1234,Employee_234,Male,Finance,Accountant,New York,2015-10-10,,111875,1,No,4
1235,Employee_235,Female,IT,Software Engineer,Toronto,2024-12-29,,163982,4,No,1
1236,Employee_236,Male,Marketing,Marketing Manager,Berlin,2017-01-01,,101518,5,Yes,2
1237,Employee_237,Female,Sales,Sales Executive,Berlin,2022-07-21,,105591,5,No,2
1238,Employee_238,Male,IT,Data Analyst,Berlin,2018-02-03,2019-11-07,54222,4,Yes,2
1239,Employee_239,Male,IT,Software Engineer,New York,2020-01-03,,142181,1,Yes,1
1240,Employee_240,Male,Finance,Accountant,London,2023-06-17,,57398,2,No,2
1241,Employee_241,Female,Marketing,Content Strategist,Sydney,2017-08-28,2019-10-03,179197,5,Yes,4
1242,Employee_242,Male,HR,HR Executive,New York,2022-01-08,,122856,4,Yes,3
1243,Employee_243,Female,Marketing,Content Strategist,Sydney,2022-10-23,,69558,3,No,2
1244,Employee_244,Male,Operations,Logistics Coordinator,London,2018-05-16,,68920,4,Yes,5
1245,Employee_245,Male,Finance,Accountant,Sydney,2019-05-10,2022-02-15,93288,1,No,3
1246,Employee_246,Male,Sales,Sales Rep,London,2018-01-04,,129294,5,Yes,1
1247,Employee_247,Male,IT,System Admin,Sydney,2020-05-17,2024-08-07,89739,1,Yes,2
1248,Employee_248,Male,Marketing,Marketing Manager,Toronto,2022-10-20,,76805,4,Yes,5
1249,Employee_249,Female,HR,HR Executive,Toronto,2020-12-25,,90425,3,No,5
1250,Employee_250,Female,Finance,Accountant,New York,2023-07-17,,169843,2,No,3
1251,Employee_251,Male,Finance,Financial Analyst,Sydney,2023-04-25,,122523,5,No,3
1252,Employee_252,Male,IT,Software Engineer,Berlin,2019-04-05,,82208,4,No,3
1253,Employee_253,Male,Finance,Accountant,Toronto,2023-03-21,,72185,2,No,2
1254,Employee_254,Male,Operations,Operations Lead,Sydney,2024-05-29,,173887,1,Yes,4
1255,Employee_255,Male,IT,System Admin,London,2022-12-06,,116287,4,No,1
1256,Employee_256,Male,Operations,Logistics Coordinator,Toronto,2015-01-28,,103914,1,Yes,5
1257,Employee_257,Female,Marketing,Content Strategist,Sydney,2015-03-12,,141469,4,Yes,1
1258,Employee_258,Male,Sales,Sales Rep,London,2017-02-25,,83084,3,No,4
1259,Employee_259,Female,Sales,Account Manager,Toronto,2021-05-03,2024-05-12,89318,1,Yes,1
1260,Employee_260,Female,Finance,Accountant,Toronto,2015-08-18,,142123,2,Yes,4
1261,Employee_261,Male,Finance,Accountant,Sydney,2020-12-03,,80115,2,No,3
1262,Employee_262,Male,Sales,Sales Executive,Berlin,2017-01-04,,91220,1,Yes,5
1263,Employee_263,Male,IT,System Admin,Toronto,2018-05-10,2021-07-17,124277,4,No,4
1264,Employee_264,Female,Marketing,Marketing Manager,New York,2015-08-08,2018-09-11,159926,1,No,5
1265,Employee_265,Male,Operations,Logistics Coordinator,Berlin,2022-02-10,,114304,2,No,5
1266,Employee_266,Female,Finance,Accountant,London,2015-12-18,,88715,2,Yes,1
1267,Employee_267,Male,HR,HR Manager,Toronto,2023-04-18,,97277,1,Yes,1
1268,Employee_268,Female,HR,HR Executive,Berlin,2016-02-23,2018-09-27,106489,4,No,1
1269,Employee_269,Male,Sales,Sales Executive,Berlin,2021-09-11,,92523,4,Yes,3
1270,Employee_270,Male,Finance,Accountant,New York,2021-05-31,,139825,4,Yes,2
1271,Employee_271,Female,HR,HR Executive,Berlin,2016-08-20,2022-01-01,86170,4,No,4
1272,Employee_272,Male,Sales,Account Manager,Berlin,2023-01-31,,127831,5,Yes,4
1273,Employee_273,Male,Sales,Sales Executive,Berlin,2019-06-09,2024-03-10,155391,3,No,3
1274,Employee_274,Female,Finance,Financial Analyst,Berlin,2021-10-06,,76326,4,No,2
1275,Employee_275,Female,Finance,Accountant,Berlin,2021-06-16,,92714,4,No,4
1276,Employee_276,Male,HR,HR Manager,Sydney,2021-08-22,,73583,5,Yes,4
1277,Employee_277,Female,Marketing,Marketing Manager,Toronto,2024-04-27,,157343,4,No,2
1278,Employee_278,Female,Marketing,Content Strategist,London,2022-05-21,,153425,4,Yes,4
1279,Employee_279,Female,Operations,Logistics Coordinator,Sydney,2020-12-28,,170637,4,Yes,3
1280,Employee_280,Male,Marketing,Marketing Manager,New York,2022-05-17,,71802,5,Yes,5
1281,Employee_281,Female,Marketing,Content Strategist,Berlin,2016-03-09,2019-07-31,79098,5,Yes,4
1282,Employee_282,Male,HR,HR Executive,Toronto,2018-11-13,,113277,1,No,4
1283,Employee_283,Female,Sales,Sales Executive,London,2018-07-01,2021-04-23,118303,4,No,4
1284,Employee_284,Female,Sales,Account Manager,Toronto,2015-10-03,2017-07-15,52960,3,Yes,2
1285,Employee_285,Male,Marketing,Marketing Manager,Sydney,2021-03-10,,105885,4,Yes,4
1286,Employee_286,Female,Marketing,Marketing Manager,London,2019-06-09,2022-02-21,108926,5,No,4
1287,Employee_287,Male,Sales,Sales Rep,London,2018-02-14,,156001,1,Yes,5
1288,Employee_288,Male,IT,Data Analyst,Berlin,2020-02-18,,119168,3,No,5
1289,Employee_289,Female,Finance,Financial Analyst,Berlin,2024-06-25,,72613,3,Yes,2
1290,Employee_290,Female,HR,HR Manager,London,2016-04-24,2018-05-23,116954,4,No,5
1291,Employee_291,Female,IT,System Admin,Toronto,2017-01-30,,120435,2,Yes,4
1292,Employee_292,Female,HR,HR Manager,London,2024-06-10,,57026,3,Yes,4
1293,Employee_293,Female,IT,Software Engineer,Toronto,2019-08-03,,104477,4,No,2
1294,Employee_294,Male,Sales,Sales Rep,New York,2018-04-11,2021-04-15,120465,3,Yes,4
1295,Employee_295,Male,Operations,Logistics Coordinator,Sydney,2021-06-03,,157909,3,Yes,4
1296,Employee_296,Male,Operations,Operations Lead,Toronto,2023-04-03,,148480,2,No,1
1297,Employee_297,Male,Finance,Accountant,Berlin,2019-12-04,,65386,2,Yes,5
1298,Employee_298,Female,Marketing,Content Strategist,Sydney,2016-11-10,,152871,2,Yes,1
1299,Employee_299,Female,Operations,Logistics Coordinator,Sydney,2021-09-10,,92421,3,No,5
1300,Employee_300,Female,HR,HR Manager,London,2015-08-31,,163645,2,Yes,2
1301,Employee_301,Male,IT,System Admin,Berlin,2023-07-16,,101472,4,Yes,5
1302,Employee_302,Female,Marketing,Content Strategist,Toronto,2020-01-26,2021-08-09,102802,5,No,3
1303,Employee_303,Male,Finance,Accountant,Berlin,2024-09-29,,146039,1,No,3
1304,Employee_304,Male,Sales,Sales Rep,Toronto,2019-10-26,,114843,3,No,3
1305,Employee_305,Female,HR,HR Manager,Sydney,2023-11-03,2024-11-15,56021,1,No,1
1306,Employee_306,Female,Sales,Sales Executive,Toronto,2015-01-03,,106072,2,Yes,3
1307,Employee_307,Female,IT,Data Analyst,New York,2017-10-22,2020-02-26,56787,4,No,2
1308,Employee_308,Male,Finance,Financial Analyst,New York,2017-05-24,,67393,5,Yes,5
1309,Employee_309,Male,Marketing,Content Strategist,New York,2022-10-20,2024-08-23,179519,4,Yes,4
1310,Employee_310,Male,Sales,Sales Executive,Toronto,2023-03-13,,63526,3,No,3
1311,Employee_311,Male,IT,Data Analyst,London,2015-10-08,,51110,5,Yes,4
1312,Employee_312,Female,HR,HR Manager,London,2021-11-28,,162717,2,Yes,1
1313,Employee_313,Female,IT,Software Engineer,Sydney,2018-12-10,,91222,2,Yes,3
1314,Employee_314,Female,Marketing,Marketing Manager,London,2023-09-26,,53515,3,Yes,5
1315,Employee_315,Female,Operations,Operations Lead,Toronto,2022-03-31,,114865,4,Yes,2
1316,Employee_316,Male,Finance,Financial Analyst,Sydney,2019-01-19,,67299,4,No,3
1317,Employee_317,Male,Operations,Operations Lead,Toronto,2015-03-10,,51807,3,Yes,1
1318,Employee_318,Female,Sales,Account Manager,Sydney,2022-01-18,,150546,4,No,4
1319,Employee_319,Male,Sales,Sales Rep,Sydney,2018-02-10,2019-06-28,117017,2,Yes,5
1320,Employee_320,Male,HR,HR Executive,Sydney,2018-06-24,,145677,2,Yes,2
1321,Employee_321,Female,Sales,Account Manager,New York,2021-11-12,,90539,2,Yes,1
1322,Employee_322,Male,Marketing,Marketing Manager,New York,2020-07-26,,118551,5,No,2
1323,Employee_323,Male,HR,HR Manager,Berlin,2023-08-26,,93910,4,No,5
1324,Employee_324,Male,Sales,Account Manager,Sydney,2020-07-25,,97202,1,No,5
1325,Employee_325,Female,IT,Data Analyst,London,2023-09-03,,79937,5,Yes,1
1326,Employee_326,Female,Sales,Sales Executive,New York,2019-01-30,,69671,2,Yes,5
1327,Employee_327,Female,Marketing,Content Strategist,London,2017-10-13,,144409,3,No,1
1328,Employee_328,Male,Operations,Logistics Coordinator,New York,2017-01-04,2023-04-15,178635,1,No,1
1329,Employee_329,Female,Finance,Accountant,Berlin,2015-12-20,,51044,3,Yes,3
1330,Employee_330,Male,Operations,Logistics Coordinator,Sydney,2020-03-15,,177383,4,Yes,5
1331,Employee_331,Female,IT,Software Engineer,New York,2015-04-08,2019-08-23,133354,1,No,1
1332,Employee_332,Male,Marketing,Content Strategist,Berlin,2017-04-20,,81217,4,No,1
1333,Employee_333,Male,IT,System Admin,Berlin,2015-06-29,,167609,5,No,3
1334,Employee_334,Male,Finance,Financial Analyst,Sydney,2020-09-01,,59808,5,Yes,4
1335,Employee_335,Female,Marketing,Marketing Manager,London,2017-12-05,,171378,4,No,3
1336,Employee_336,Male,Finance,Accountant,London,2017-04-10,2018-12-27,70369,1,Yes,4
1337,Employee_337,Male,Finance,Accountant,Toronto,2021-01-04,,150969,2,No,3
1338,Employee_338,Male,Finance,Accountant,New York,2016-10-07,,89874,5,Yes,2
1339,Employee_339,Male,HR,HR Manager,New York,2018-12-28,,56416,3,No,2
1340,Employee_340,Male,Sales,Account Manager,Toronto,2016-01-23,,155368,2,Yes,1
1341,Employee_341,Male,Sales,Sales Executive,London,2024-03-27,,139952,1,No,1
1342,Employee_342,Female,Sales,Sales Executive,London,2024-01-28,,66059,1,No,1
1343,Employee_343,Female,IT,System Admin,Toronto,2020-07-25,,72650,3,Yes,2
1344,Employee_344,Male,HR,HR Executive,Toronto,2015-05-22,,130868,2,No,4
1345,Employee_345,Male,Finance,Accountant,New York,2018-02-19,,104949,2,Yes,5
1346,Employee_346,Female,Sales,Account Manager,Berlin,2021-02-08,,95093,5,No,4
1347,Employee_347,Female,HR,HR Manager,New York,2021-09-11,,57679,4,No,5
1348,Employee_348,Male,IT,Software Engineer,New York,2022-05-14,,156992,1,Yes,5
1349,Employee_349,Male,Finance,Accountant,London,2017-08-26,,155671,3,Yes,3
1350,Employee_350,Male,Operations,Operations Lead,Sydney,2024-05-20,,165556,4,No,2
1351,Employee_351,Male,Finance,Financial Analyst,New York,2017-08-10,,52612,5,No,1
1352,Employee_352,Female,HR,HR Manager,London,2023-01-15,,57806,1,Yes,5
1353,Employee_353,Female,Marketing,Marketing Manager,New York,2015-10-25,,173459,4,Yes,3
1354,Employee_354,Male,HR,HR Executive,London,2023-03-19,,153788,4,No,2
1355,Employee_355,Male,Marketing,Content Strategist,London,2019-03-30,2023-01-14,66691,2,Yes,5
1356,Employee_356,Female,Finance,Financial Analyst,London,2024-01-26,,78953,5,Yes,4
1357,Employee_357,Male,IT,Data Analyst,New York,2018-11-21,,72005,1,No,4
1358,Employee_358,Male,Sales,Account Manager,London,2022-10-10,,153156,1,Yes,1
1359,Employee_359,Male,Finance,Accountant,Toronto,2024-12-02,,165575,4,No,5
1360,Employee_360,Male,Finance,Financial Analyst,Toronto,2016-10-28,,154752,1,No,1
1361,Employee_361,Male,HR,HR Executive,New York,2018-11-01,2023-07-15,71090,1,Yes,3
1362,Employee_362,Female,Operations,Logistics Coordinator,New York,2022-05-01,,70591,1,Yes,3
1363,Employee_363,Female,IT,Software Engineer,Toronto,2022-05-29,,62571,1,No,5
1364,Employee_364,Male,Operations,Logistics Coordinator,London,2019-01-17,2020-07-08,88607,5,No,2
1365,Employee_365,Male,Sales,Sales Executive,London,2022-02-27,2023-07-27,112071,1,No,4
1366,Employee_366,Male,Finance,Accountant,Berlin,2022-03-14,,74232,3,No,3
1367,Employee_367,Female,IT,Data Analyst,New York,2019-12-07,,79654,3,Yes,2
1368,Employee_368,Female,Marketing,Marketing Manager,New York,2024-01-24,,177232,5,Yes,5
1369,Employee_369,Female,Sales,Account Manager,Sydney,2021-01-02,,172730,4,Yes,4
1370,Employee_370,Male,HR,HR Manager,Toronto,2020-08-18,,117740,5,Yes,1
1371,Employee_371,Male,Finance,Financial Analyst,London,2024-01-25,,105492,1,No,2
1372,Employee_372,Female,Marketing,Marketing Manager,Sydney,2018-08-02,,169822,1,Yes,4
1373,Employee_373,Female,Operations,Logistics Coordinator,Sydney,2024-08-09,,170214,1,No,1
1374,Employee_374,Male,Finance,Financial Analyst,London,2016-03-08,,63237,3,No,4
1375,Employee_375,Female,HR,HR Executive,Toronto,2015-06-03,2020-06-06,68855,5,No,1
1376,Employee_376,Male,Finance,Accountant,London,2023-05-13,,85203,3,Yes,3
1377,Employee_377,Female,HR,HR Executive,Berlin,2024-08-16,,62873,2,Yes,3
1378,Employee_378,Female,Marketing,Content Strategist,Berlin,2023-03-05,,134614,1,Yes,4
1379,Employee_379,Female,IT,Data Analyst,Toronto,2024-03-16,,58600,3,No,2
1380,Employee_380,Male,Operations,Operations Lead,London,2024-10-24,,159704,1,Yes,1
1381,Employee_381,Male,Finance,Financial Analyst,Berlin,2018-01-27,,110846,5,No,1
1382,Employee_382,Female,Marketing,Marketing Manager,London,2020-06-25,,73276,4,No,3
1383,Employee_383,Female,IT,Data Analyst,New York,2015-04-23,,71352,5,Yes,2
1384,Employee_384,Female,Marketing,Marketing Manager,London,2022-04-22,,52628,1,No,2
1385,Employee_385,Male,Marketing,Marketing Manager,Sydney,2017-07-05,2021-06-05,143420,3,No,4
1386,Employee_386,Male,HR,HR Executive,Berlin,2020-03-26,,158044,5,No,5
1387,Employee_387,Female,Sales,Sales Executive,Sydney,2021-04-18,,129829,3,No,1
1388,Employee_388,Female,Finance,Financial Analyst,Berlin,2022-03-08,,84229,3,Yes,2
1389,Employee_389,Female,Operations,Operations Lead,New York,2022-05-29,2024-06-20,144540,1,No,3
1390,Employee_390,Female,HR,HR Executive,Toronto,2023-04-06,,94979,2,No,3
1391,Employee_391,Male,Operations,Logistics Coordinator,London,2018-04-18,2020-03-22,147113,3,Yes,3
1392,Employee_392,Female,Marketing,Marketing Manager,London,2017-07-03,,90250,4,No,3
1393,Employee_393,Male,HR,HR Executive,Toronto,2020-04-11,2021-07-26,111894,2,Yes,4
1394,Employee_394,Male,Operations,Logistics Coordinator,Toronto,2024-10-06,,68004,2,No,4
1395,Employee_395,Female,Operations,Logistics Coordinator,London,2024-09-02,,152097,1,No,3
1396,Employee_396,Male,Marketing,Marketing Manager,Berlin,2015-01-20,,77444,2,Yes,4
1397,Employee_397,Female,Sales,Sales Executive,Sydney,2022-02-07,,106233,4,No,1
1398,Employee_398,Female,Sales,Sales Rep,London,2015-02-27,,149201,5,Yes,1
1399,Employee_399,Male,Marketing,Marketing Manager,London,2022-10-11,,90906,2,Yes,4
1400,Employee_400,Male,Operations,Logistics Coordinator,London,2024-03-28,,109759,5,No,4
1401,Employee_401,Female,Marketing,Marketing Manager,Berlin,2019-01-11,,71611,4,Yes,2
1402,Employee_402,Male,IT,System Admin,London,2023-03-26,,72149,1,No,1
1403,Employee_403,Male,Finance,Accountant,Sydney,2021-08-29,,136765,1,Yes,1
1404,Employee_404,Female,Marketing,Marketing Manager,Toronto,2019-04-07,2022-08-04,112180,2,Yes,1
1405,Employee_405,Female,HR,HR Executive,New York,2021-12-25,,67978,4,Yes,5
1406,Employee_406,Male,Marketing,Marketing Manager,Berlin,2023-10-20,,129823,2,No,5
1407,Employee_407,Female,IT,Data Analyst,Toronto,2016-10-18,2022-11-09,169322,2,No,3
1408,Employee_408,Male,IT,Software Engineer,New York,2016-03-28,,137690,4,Yes,1
1409,Employee_409,Female,Operations,Operations Lead,New York,2022-03-24,,84619,4,Yes,1
1410,Employee_410,Female,IT,Software Engineer,Berlin,2023-12-28,,105836,1,Yes,1
1411,Employee_411,Female,Sales,Sales Executive,London,2019-01-04,,175185,5,No,1
1412,Employee_412,Male,HR,HR Executive,London,2019-06-30,,109839,3,No,4
1413,Employee_413,Male,Finance,Financial Analyst,New York,2022-10-22,,178656,2,Yes,4
1414,Employee_414,Female,Operations,Logistics Coordinator,Sydney,2017-01-12,,152126,3,Yes,2
1415,Employee_415,Female,Finance,Accountant,New York,2019-12-11,2023-05-15,135848,3,Yes,5
1416,Employee_416,Male,Marketing,Marketing Manager,Berlin,2019-11-08,,82581,4,No,4
1417,Employee_417,Male,IT,System Admin,Sydney,2015-02-17,,70568,5,No,4
1418,Employee_418,Female,IT,Software Engineer,Toronto,2017-09-13,2021-04-24,56599,5,Yes,5
1419,Employee_419,Male,Marketing,Content Strategist,Toronto,2015-11-19,,155022,5,No,1
1420,Employee_420,Male,Finance,Accountant,Berlin,2020-07-30,,52329,1,No,4
1421,Employee_421,Male,Sales,Sales Rep,Sydney,2024-04-05,,166668,5,Yes,4
1422,Employee_422,Male,HR,HR Executive,New York,2024-06-20,,123420,5,No,3
1423,Employee_423,Male,Marketing,Content Strategist,New York,2023-07-08,,50287,3,No,3
1424,Employee_424,Male,Operations,Logistics Coordinator,New York,2016-11-03,,157720,4,Yes,3
1425,Employee_425,Male,Operations,Operations Lead,London,2024-07-22,,109905,2,No,1
1426,Employee_426,Male,Finance,Financial Analyst,Sydney,2023-08-29,,109950,5,Yes,4
1427,Employee_427,Female,Sales,Sales Rep,New York,2024-05-28,,171159,5,Yes,5
1428,Employee_428,Male,IT,System Admin,London,2019-05-06,,129450,3,No,4
1429,Employee_429,Female,Operations,Operations Lead,Berlin,2018-11-05,,109355,2,Yes,4
1430,Employee_430,Female,Operations,Logistics Coordinator,Sydney,2022-12-25,,122559,2,Yes,2
1431,Employee_431,Male,Operations,Logistics Coordinator,Berlin,2022-12-19,,175609,2,No,1
1432,Employee_432,Female,HR,HR Executive,Sydney,2022-07-24,,160282,5,No,4
1433,Employee_433,Male,Sales,Sales Rep,New York,2019-04-10,2020-05-25,76201,3,Yes,3
1434,Employee_434,Male,Marketing,Content Strategist,London,2022-09-29,,76738,5,Yes,3
1435,Employee_435,Male,Finance,Financial Analyst,Sydney,2023-04-29,,100972,2,No,1
1436,Employee_436,Female,Finance,Accountant,Toronto,2021-03-11,2024-07-02,76619,5,No,2
1437,Employee_437,Male,Marketing,Content Strategist,Sydney,2023-09-15,,75362,3,No,2
1438,Employee_438,Male,Marketing,Marketing Manager,London,2023-03-30,,99440,1,No,3
1439,Employee_439,Male,Operations,Logistics Coordinator,London,2021-07-20,,50739,3,No,2
1440,Employee_440,Male,Sales,Sales Executive,Berlin,2023-09-04,,130689,3,No,5
1441,Employee_441,Female,Operations,Logistics Coordinator,New York,2020-11-22,2023-06-13,118236,1,Yes,4
1442,Employee_442,Female,Operations,Logistics Coordinator,New York,2017-06-25,,136944,3,No,3
1443,Employee_443,Female,HR,HR Manager,Sydney,2021-04-18,,178599,1,Yes,3
1444,Employee_444,Male,Finance,Financial Analyst,Sydney,2015-06-13,,92065,4,Yes,4
1445,Employee_445,Female,HR,HR Executive,New York,2020-10-07,,108400,4,Yes,3
1446,Employee_446,Male,Marketing,Marketing Manager,Berlin,2016-01-29,2022-08-08,119888,1,Yes,2
1447,Employee_447,Male,Marketing,Marketing Manager,Toronto,2017-04-22,,142109,4,Yes,2
1448,Employee_448,Male,Sales,Account Manager,Berlin,2015-12-25,2018-06-21,154099,3,Yes,5
1449,Employee_449,Female,IT,Data Analyst,Toronto,2020-01-22,,106757,3,Yes,4
1450,Employee_450,Male,Marketing,Marketing Manager,Sydney,2022-03-12,,58288,5,Yes,1
1451,Employee_451,Female,HR,HR Manager,Berlin,2021-10-20,,99992,4,Yes,4
1452,Employee_452,Male,IT,System Admin,London,2023-05-17,,154527,5,No,2
1453,Employee_453,Male,HR,HR Executive,New York,2016-05-19,2021-04-17,120405,5,Yes,3
1454,Employee_454,Male,IT,System Admin,Berlin,2019-08-18,,161602,5,Yes,2
1455,Employee_455,Female,IT,Software Engineer,Sydney,2017-03-06,2018-04-12,161593,5,No,5
1456,Employee_456,Female,Sales,Account Manager,New York,2016-02-07,2022-01-21,174720,3,No,2
1457,Employee_457,Female,Marketing,Marketing Manager,New York,2021-12-12,2024-08-10,91652,4,No,3
1458,Employee_458,Male,Operations,Logistics Coordinator,Sydney,2021-05-05,,155866,3,No,2
1459,Employee_459,Male,Sales,Account Manager,London,2022-12-27,,107163,3,No,2
1460,Employee_460,Female,Marketing,Content Strategist,Toronto,2019-12-30,,90038,4,Yes,2
1461,Employee_461,Male,Marketing,Marketing Manager,Berlin,2024-12-29,,84502,1,Yes,1
1462,Employee_462,Female,Operations,Operations Lead,Sydney,2023-08-17,,168791,1,No,5
1463,Employee_463,Female,Operations,Logistics Coordinator,London,2019-05-27,2023-02-26,67548,4,Yes,4
1464,Employee_464,Male,HR,HR Manager,London,2023-06-29,,108487,2,Yes,5
1465,Employee_465,Female,Operations,Operations Lead,Toronto,2015-06-15,2021-05-31,80375,1,No,3
1466,Employee_466,Female,IT,Software Engineer,London,2019-05-09,,109591,1,Yes,3
1467,Employee_467,Female,Sales,Sales Rep,Sydney,2024-05-12,,125842,5,Yes,4
1468,Employee_468,Male,Marketing,Content Strategist,Berlin,2020-10-17,2023-10-14,117681,4,No,3
1469,Employee_469,Male,Finance,Accountant,Sydney,2020-08-17,,107658,2,Yes,1
1470,Employee_470,Male,Operations,Logistics Coordinator,London,2017-02-04,2018-11-30,136652,2,No,3
1471,Employee_471,Female,Marketing,Marketing Manager,Toronto,2020-05-16,2022-09-03,134837,4,Yes,2
1472,Employee_472,Male,Sales,Sales Executive,Sydney,2016-07-05,,55136,5,Yes,1
1473,Employee_473,Female,IT,Data Analyst,London,2021-09-20,,133574,1,No,1
1474,Employee_474,Female,IT,Data Analyst,Sydney,2024-09-22,,78752,4,Yes,5
1475,Employee_475,Female,IT,System Admin,Sydney,2016-11-17,,94914,4,Yes,2
1476,Employee_476,Male,Finance,Accountant,London,2015-03-09,2021-05-01,139701,4,Yes,5
1477,Employee_477,Male,Sales,Sales Executive,Toronto,2024-11-04,,115972,1,Yes,4
1478,Employee_478,Male,Marketing,Marketing Manager,Sydney,2023-09-09,,106557,5,No,3
1479,Employee_479,Female,Sales,Sales Rep,Sydney,2017-07-28,,113192,4,No,5
1480,Employee_480,Male,Marketing,Marketing Manager,Toronto,2017-11-08,,80475,1,No,5
1481,Employee_481,Male,Operations,Logistics Coordinator,Berlin,2015-01-23,,153471,1,Yes,5
1482,Employee_482,Female,Sales,Account Manager,London,2019-08-02,,70287,4,No,3
1483,Employee_483,Female,Operations,Logistics Coordinator,Sydney,2021-11-11,,148955,2,No,5
1484,Employee_484,Female,Operations,Logistics Coordinator,London,2021-04-09,,83263,3,No,4
1485,Employee_485,Male,Marketing,Marketing Manager,New York,2020-01-04,,174419,2,Yes,2
1486,Employee_486,Male,Operations,Logistics Coordinator,Berlin,2016-10-20,,133345,1,Yes,2
1487,Employee_487,Male,Finance,Accountant,New York,2017-12-13,2019-05-04,129826,1,No,4
1488,Employee_488,Male,Operations,Logistics Coordinator,Sydney,2023-09-04,,133924,4,No,1
1489,Employee_489,Female,IT,System Admin,Sydney,2017-03-08,2023-05-27,117608,2,Yes,1
1490,Employee_490,Male,HR,HR Manager,New York,2015-12-22,,152193,4,No,4
1491,Employee_491,Male,Finance,Financial Analyst,Sydney,2023-04-07,,170478,1,No,5
1492,Employee_492,Female,Operations,Logistics Coordinator,Berlin,2017-07-15,,75496,4,No,5
1493,Employee_493,Female,Sales,Account Manager,London,2020-09-04,2021-12-24,115951,3,No,1
1494,Employee_494,Female,Operations,Logistics Coordinator,Sydney,2022-10-14,,99424,5,No,2
1495,Employee_495,Male,HR,HR Executive,Toronto,2020-05-28,2021-08-27,100157,2,Yes,3
1496,Employee_496,Male,Finance,Accountant,Sydney,2022-11-10,,82539,3,Yes,4
1497,Employee_497,Male,Marketing,Content Strategist,New York,2020-05-05,2023-04-15,167219,5,No,2
1498,Employee_498,Male,Marketing,Marketing Manager,Toronto,2017-08-19,,164392,3,Yes,2
1499,Employee_499,Female,IT,Software Engineer,Sydney,2016-09-30,,65712,1,No,5
1500,Employee_500,Female,Sales,Sales Rep,New York,2019-03-01,,114532,5,No,4
